use goodstracking;
INSERT INTO shops VALUES 
	('AA001', 'เลือดกรุ๊ปบี', 'เอิ๊ก', 'กรุ๊ปบี', '1212312121111','groupbka', 'b_b_5555', 'groupb@gmail.com', '0998887777'),
	('AA002', 'ปัวโรต์ช็อป', 'ซีโร่', 'ฟูใจ', '1540100274891','poirotshop', 'z_ro_007', 'poirotshop@hotmail.com', '0627879900'),
    ('AA003', 'Kimjibokkeumbub', 'กิมจิ', 'จิเก', '1402239874023','Kimjibokkeumbub', 'kimji1234', 'Kimjibokkeumbub@student.chula.ac.th', '0642314356'),
    ('AA004', 'Storebyme', 'มี', 'ศะโธ', '1133200452798','storebyme', 'mystore01', 'storebyME@gmail.com', '0879234951')
	;

use goodstracking;
INSERT INTO orders VALUES
	(null,'AA003', 'CA001', 'เคสแอร์พอด 6 pro max plus ลายชินจัง', '2023-02-28', 1, 550, 'สินค้าถึงโกดังที่ประเทศต้นทาง', '2023-03-14', null, '20230201'),
	(null, 'AA001', 'CA002', 'หนังสือการ์ตูน Skip and loafer เล่ม 6', '2023-02-18', 2, 235, 'สินค้าถึงประเทศปลายทาง', '2023-03-02', null, 'FE022023'),
	(null, 'AA004', 'CA003', 'อัลบั้ม c ver. สุ่มเมม', '2023-03-05', 2, 900, 'สินค้ากำลังดำเนินการเรื่องภาษี', '2023-03-03', null, 'AA0042301'),
	(null, 'AA003', 'CA005', 'อัลบั้มไก่จ๋า deluxe ver.', '2023-04-03', 2, 1020, 'สินค้าถึงประเทศปลายทาง', '2023-05-22', null, '20230402'),
	(null, 'AA001', 'CA004', 'บลัชออน Oh Blush เบอร์ 3', '2023-03-21', 1, 375, 'สินค้าถึงประเทศปลายทาง', '2023-04-16','YJ183409341TH', 'MR022023'),
	(null, 'AA002', 'CA008', 'ตุ๊กตาแคร์แบร์ กรัมปี้ ขนาด 40 ซม.', '2023-01-10', 2, 5250, 'สินค้าถึงประเทศปลายทาง', '2023-04-15', null, 'PR230101'),
	(null, 'AA002', 'CA007', 'กระเป๋าเป้สะพายข้างลาย genshong', '2023-04-30', 1, 990, 'รับคำสั่งซื้อ', '2023-05-01', null, 'PR230402'),
	(null, 'AA004', 'CA002', 'กิมจิเกาหลี 10 กก.', '2023-01-15', 1, 450, 'สินค้าถูกส่งมอบให้บริษัทขนส่งแล้ว', '2023-02-26','LK637839531TH', 'AA0040101'),
	(null, 'AA003', 'CA004', 'ครีมกันแดด Beauty of Jeju 50 ml',	'2023-04-06', 2, 1250, 'สินค้าถึงประเทศปลายทาง', '2023-04-20', null, '20230404'),
	(null, 'AA001', 'CA006', 'รองเท้า nike สีดำ ไซส์ 44', '2023-04-06', 1, 5400, 'สินค้ากำลังดำเนินการเรื่องภาษี', '2023-04-21', null, 'FE042023');
	
use goodstracking;
INSERT INTO customers VALUES
	('CA001', 'Hamtaro', 'Kawaii', '@sunflowerseed', 'twitter', '123 ม.3 ต.ทานตะวัน อ.เมือง จ.เชียงใหม่ 50000', '0943493943', 'sunflower@hotmail.com'),
	('CA002', 'ตู่','ภพธร',	'@twoooooooooo', 'instagram', '89/45 แขวงวังใหม่ เขตปทุมวัน 10330',	'0634448754', 'one_two@gmail.com'),
	('CA003', 'มะนาว', 'เปรี้ยว', 'น้องมะนาว อิอิ', 'facebook', '99 ต.ลำบาก อ.ลำบน จ.ลำปาง 87654', '0885674300', 'nongmanow@hotmail.co.th'),
	('CA004', 'บาร์บี้', null, '@iamkonsuay', 'line', '804 ชวนชมคอนโดมิเนียม แขวงปทุมเดือน เขตสีซอ จ.กรุงเทพมหานคร 23000', '0812399988', 'barbeykonsuay@student.chula.ac.th'),
	('CA005', 'หนูนิด', null, '@noonidnarak',	'twitter', '45/1 ซ.2 ต.คอหงส์  อ.หาดใหญ่ จ.สงขลา 90110', '0932568041', 'noonidja@gmail.com'),
    ('CA006', 'เต่าบิน', null, '@ttaobinn', 'instagram', '832 ซ.17 ถ.ราชพฤกษ์ ต.บางรักน้อย อ.เมืองนนทบุรี จ.นนทบุรี 11000', '0826519454', 'taobin2545@gmail.com'),
    ('CA007', 'สมหมวก', 'อร่อยดี', 'Sommuak Aroidee', 'facebook', '777 ซอย 7 ถ.ไก่ย่าง ต.ข้าวเหนียว อ.เมือง จ.ขอนแก่น 40000', '0812345678', 'sommuakluv@gmail.com'),
    ('CA008', 'ประหยัด', 'พุธโอเด้ง', '@prayadlnwza', 'line', '109/7 หมู่บ้านอารมณ์ดี แยก 13 แขวงบางกอก เขตบางนา กรุงเทพ 10700', '0689876543', 'putodengpy@hotmail.com');

use goodstracking;
INSERT INTO updated_orders VALUES
	('4', 'สินค้ากำลังดำเนินการเรื่องภาษี', '2023-05-10'),
    ('8', 'สินค้าถึงผู้ขาย', '2023-02-14'),
    ('8', 'สินค้าถึงประเทศปลายทาง', '2023-01-28'),
    ('4', 'สินค้าออกจากประเทศต้นทาง', '2023-01-29'),
    ('1', 'รับคำสั่งซื้อ', '2023-03-01');

